<?xml version="1.0" encoding="UTF-8"?>
<project-private xmlns="http://www.netbeans.org/ns/project-private/1">
    <editor-bookmarks xmlns="http://www.netbeans.org/ns/editor-bookmarks/2" lastBookmarkId="0"/>
    <open-files xmlns="http://www.netbeans.org/ns/projectui-open-files/2">
        <group>
            <file>file:/C:/Users/Reshmi%20Sharma/Documents/NetBeansProjects/online_college%20management/src/online_college/management/addResult.java</file>
            <file>file:/C:/Users/Reshmi%20Sharma/Documents/NetBeansProjects/online_college%20management/src/online_college/management/studentIndex.java</file>
            <file>file:/C:/Users/Reshmi%20Sharma/Documents/NetBeansProjects/online_college%20management/src/online_college/management/result.java</file>
            <file>file:/C:/Users/Reshmi%20Sharma/Documents/NetBeansProjects/online_college%20management/src/online_college/management/adminIndex.java</file>
            <file>file:/C:/Users/Reshmi%20Sharma/Documents/NetBeansProjects/online_college%20management/src/online_college/management/StudentAdmin.java</file>
            <file>file:/C:/Users/Reshmi%20Sharma/Documents/NetBeansProjects/online_college%20management/src/online_college/management/index.java</file>
            <file>file:/C:/Users/Reshmi%20Sharma/Documents/NetBeansProjects/online_college%20management/src/online_college/management/adminHome.java</file>
            <file>file:/C:/Users/Reshmi%20Sharma/Documents/NetBeansProjects/online_college%20management/src/online_college/management/registeredStudent.java</file>
        </group>
    </open-files>
</project-private>
